resourceId	name	rating	nation	league
1000500	Carlos Bianchi	77	52	353
1000501	Josep Gombau Balague	66	45	53
1000503	Graham Arnold	66	195	351
1000504	Ange Postecoglou	65	195	351
1000505	Gary van Egmond	65	195	351
1000506	Alistair Edwards	65	195	351
1000507	Frank Farina	65	195	351
1000508	Ernie Merrick	65	42	50
1000509	John Aloisi	66	195	351
1000510	Tony Popovic	67	195	351
1000512	Darko Milanic	69	44	13
1000517	Heimo Pfeifenberger	63	4	80
1000521	John van den Brom	75	34	10
1000522	Juan Carlos Garrido	75	45	53
1000523	Guy Luzon	75	26	13
1000524	Stanley Menzo	68	34	10
1000525	Felice Mazzu	69	7	4
1000526	Mario Been	75	34	10
1000527	Victor Fernandez	73	45	53
1000528	Frederik Vanderbiest	65	7	4
1000529	Vincenzo Scifo	69	7	4
1000530	Lorenzo Staelens	69	7	4
1000531	Peter Maes	72	7	4
1000532	Francky Dury	72	7	4
1000533	Hein Vanhaezebrouck	69	7	4
1000534	Ronny Van Geneugden	69	7	4
1000535	Harm Van Veldhoven	70	7	4
1000536	Giovanni Trapattoni	82	27	31
1000538	Chris Coleman	82	50	13
1000543	Marco Antonio Figueroa	72	55	335
1000545	Martin Lasarte	68	60	13
1000551	Jorge Pellicer	68	55	335
1000561	Juan Carlos Osorio	74	56	336
1000563	Leonel Alvarez	71	56	336
1000566	Hernan Torres	67	56	336
1000567	Carlos Bustos	74	52	353
1000573	Giannis Anastasiou	73	22	63
1000575	Roger Schmidt	73	21	19
1000577	Francisco José Rodrigues da Costa	73	38	308
1000579	Pedro Miguel Faria Caixinha	73	38	308
1000583	Kent Nielsen	68	13	1
1000586	Lars Sondergaard	64	13	1
1000587	Yuri Krasnozhan	72	40	67
1000588	Miodrag Božović	72	15	13
1000589	Kasper Hjulmand	69	13	1
1000591	Arsene Wenger	84	18	16
1000592	Paul Lambert	78	42	50
1000593	Jose Mario dos Santos Mourinho	86	38	308
1000594	Roberto Martinez	81	45	53
1000595	Brendan Rodgers	83	35	13
1000596	Manuel Pellegrini	87	55	335
1000597	David Moyes	86	42	50
1000598	Alan Pardew	81	14	13
1000599	Mauricio Pochettino	78	52	353
1000600	Luis Andre Villas-Boas	84	38	308
1000601	Sam Allardyce	78	14	13
1000602	Paolo Di Canio	79	27	31
1000603	Steve Clarke	79	42	50
1000604	Martin Jol	81	34	10
1000605	Chris Hughton	78	25	65
1000606	Ian Holloway	74	14	13
1000607	Mark Hughes	79	50	13
1000608	Steve Bruce	75	14	13
1000609	Michael Laudrup	80	13	1
1000610	Malky Mackay	75	42	50
1000612	Huub Stevens	76	34	10
1000614	Frank de Boer	79	34	10
1000615	Ronald Koeman	76	34	10
1000616	Phillip Cocu	78	34	10
1000618	Maurice Steijn	70	34	10
1000619	Ruud Brood	71	34	10
1000620	Jan Wouters	72	34	10
1000621	Nebojsa Gudelj	70	51	13
1000622	Erwin Koeman	69	34	10
1000623	Gertjan Verbeek	74	34	10
1000624	Michel Jansen	75	34	10
1000625	Peter Bosz	75	34	10
1000627	Marco van Basten	72	34	10
1000628	Ron Jans	70	34	10
1000629	Zoran Barisic	70	4	80
1000630	Foeke Booy	66	34	10
1000631	Jan de Jonge	70	34	10
1000632	Roy Hodgson	85	14	13
1000633	Marcel Koller	78	47	189
1000634	Morten Olsen	78	13	1
1000635	Joachim Low	88	21	19
1000636	Fernando Manuel F. da Costa Santos	78	38	308
1000637	Paulo Jorge Gomes Bento	85	38	308
1000639	Gordon Strachan	78	42	50
1000642	Michael O'Neill	74	35	13
1000643	Massimiliano Allegri	83	27	31
1000644	Francesco Guidolin	80	27	31
1000645	Giuseppe Sannino	78	27	31
1000646	Andrea Mandorlini	75	27	31
1000647	Vincenzo Montella	84	27	31
1000650	Michel Decastel	69	47	189
1000651	Guillermo Vazquez	73	83	341
1000655	Jose Saturnino Cardozo	72	58	13
1000656	Ricardo Antonio Ferretti Oliveira	75	54	7
1000657	Omar Asad	72	52	353
1000658	Wilson Graniolatti	71	60	13
1000660	Juan Antonio Luna	69	83	341
1000661	Gabriel Caballero	72	83	341
1000662	Ignacio Ambriz	71	83	341
1000663	Manuel Lapuente	71	83	341
1000664	Pavel Hapal	64	12	13
1000665	Jorge Almiron	72	52	353
1000666	Sergio Bueno	70	83	341
1000667	Per Joar Hansen	71	36	41
1000668	Magnus Haglund	67	46	56
1000669	Kjell Jonevret	69	46	56
1000670	Ole Gunnar Solskjaer	72	36	41
1000672	Dwight Lodeweges	63	34	10
1000673	Kjetil Rekdal	70	36	41
1000677	Ally McCoist	60	42	50
1000681	Brian Deane	64	14	13
1000686	Carlos Bernegger	63	52	353
1000687	Jan Urban	71	37	66
1000688	Franciszek Smuda	67	37	66
1000699	Jose Albano Ferreira da Mota	70	38	308
1000700	Nuno Herlander Espirito Santo	73	38	308
1000701	Rui Carlos Pinho da Vitoria	71	38	308
1000702	Manuel Machado	72	38	308
1000703	Michael Angerschmid	62	4	80
1000704	Manuel Jesualdo Ferreira	78	38	308
1000705	Sergio Paulo da Conceicao	72	38	308
1000708	Trevor Croly	63	25	65
1000710	Liam Buckley	62	25	65
1000712	Ian Baraclough	63	14	13
1000714	Stephen Kenny	60	25	65
1000716	Mick Cooke	60	25	65
1000718	Stuart Taylor	60	42	50
1000719	Fatih Terim	82	48	68
1000720	Dan Petrescu	77	39	13
1000721	Leonid Slutskiy	80	40	67
1000725	Valeriy Karpin	80	40	67
1000726	Luciano Spalletti	82	27	31
1000729	Kurban Berdyev	77	40	67
1000732	Stanislav Cherchesov	70	40	67
1000734	Yuriy Kalitvintsev	69	49	332
1000737	Derek McInnes	68	42	50
1000738	Neil Lennon	75	35	13
1000739	Gary Locke	64	42	50
1000740	Pat Fenlon	67	25	65
1000741	Allan Johnston	66	42	50
1000742	Stuart McCall	67	42	50
1000743	Jackie McNamara	67	42	50
1000744	Terry Butcher	65	14	13
1000745	Derek Adams	66	42	50
1000746	Alan Archibald	65	42	50
1000747	Tommy Wright	66	35	13
1000748	Danny Lennon	67	42	50
1000749	Stuart Baxter	72	14	13
1000751	Mikael Stahre	69	46	56
1000752	Rikard Norling	70	46	56
1000754	Adolf Hütter	58	4	80
1000755	Andreas Alm	70	46	56
1000756	Jorgen Lennartsson	71	46	56
1000758	Per-Mathias Hogmo	67	36	41
1000759	Peter Gerhardsson	69	46	56
1000760	Nanne Bergstrand	67	46	56
1000767	Michael Skibbe	70	21	19
1000770	Murat Yakin	74	47	189
1000771	Emiliano Astorga	54	55	335
1000772	Alberto Gamero	54	56	336
1000775	Laurent Roussey	64	18	16
