set	band	rareflag	baseId	pos	rating	pac	sho	pas	dri	def	phy
toty	1	5	158023	CF	98	97	96	92	99	52	77
toty	1	5	20801	LW	98	98	97	87	98	54	92
toty	1	5	156616	LM	96	96	89	91	98	54	62
toty	1	5	41236	ST	96	82	98	88	94	58	87
toty	1	5	41	CM	95	80	80	97	97	71	61
toty	1	5	10535	CM	95	72	80	97	93	74	60
toty	1	5	167495	GK	94	95	89	96	94	61	89
toty	1	5	164240	CB	94	87	68	81	79	95	91
toty	1	5	121939	RB	94	85	64	92	88	92	75
toty	1	5	155862	CB	93	86	68	81	79	92	94
toty	1	5	146530	RB	91	95	78	88	91	86	80
motm	2	8	20801	LW	95	95	95	83	94	51	90
motm	2	8	41236	ST	93	80	96	86	91	57	84
motm	2	8	7826	ST	91	78	93	84	88	51	75
motm	2	8	183898	CM	91	92	87	90	91	62	70
motm	2	8	173731	LW	90	95	92	86	90	77	79
motm	2	8	179813	ST	88	84	88	69	82	57	86
motm	2	8	155862	CB	87	81	65	77	75	87	90
motm	2	8	139869	CAM	87	75	88	91	88	64	57
motm	2	8	165239	RM	86	83	83	85	89	54	63
motm	2	8	186561	CM	85	75	87	89	85	76	70
motm	3	8	186561	CDM	84	74	86	88	86	74	69
motm	2	8	183907	CB	84	76	53	76	70	86	84
motm	2	8	188567	ST	84	96	82	82	82	58	83
motm	2	8	181783	ST	84	78	81	64	79	55	89
motm	2	8	193747	LM	83	77	79	89	85	63	66
motm	2	8	184144	LM	83	85	81	82	89	50	60
motm	2	8	177134	ST	82	79	83	67	79	50	82
motm	2	8	148711	CB	81	40	56	65	61	85	85
motm	2	8	198329	ST	80	87	81	63	81	47	74
motm	2	8	182629	GK	80	82	79	76	84	47	81
motm	3	8	198329	ST	79	86	78	61	79	46	73
motm	2	8	173818	ST	79	86	76	65	88	46	74
motm	2	8	198219	LW	78	90	77	75	88	50	52
motm	2	8	176733	ST	74	73	83	62	75	46	73
motm	2	8	110376	ST	74	71	81	72	79	45	73
motm	2	8	200454	ST	73	71	79	60	76	41	69
motm	2	8	164959	CM	73	78	67	72	73	79	79
motm	2	8	182528	ST	73	79	74	65	73	44	66
motm	2	8	179565	ST	72	79	67	62	77	50	73
motm	2	8	188274	ST	72	80	73	64	74	42	78
motm	2	8	210209	ST	71	80	68	44	62	41	78
motm	2	8	188161	ST	70	83	70	56	70	45	67
motm	2	8	156681	LW	70	82	70	59	67	44	55
motm	2	8	184635	LW	70	74	69	60	72	44	63
motm	2	8	188920	GK	64	70	58	64	75	31	63
motm	2	8	209711	CB	64	67	40	58	40	67	64
motm	2	8	4999	GK	63	66	64	48	72	31	63
imotm	4	7	158023	CF	98	97	96	92	99	52	77
imotm	5	7	158023	CF	97	95	95	91	98	50	75
imotm	4	7	176580	ST	92	86	95	83	95	61	84
imotm	4	7	183277	LM	92	93	93	93	94	53	67
imotm	4	7	121939	RB	92	84	63	90	86	88	73
imotm	4	7	9014	ST	92	94	93	88	95	53	65
imotm	5	7	9014	ST	91	93	91	86	94	52	64
imotm	4	7	41	CM	91	77	76	95	95	68	59
imotm	4	7	164240	CB	90	83	65	78	75	92	88
imotm	4	7	121944	CM	90	65	85	92	88	82	77
imotm	4	7	190871	LW	90	95	93	86	97	47	64
imotm	5	7	190871	LW	89	94	89	84	95	46	63
imotm	4	7	178603	CB	89	69	67	83	73	94	95
imotm	4	7	198710	CAM	89	85	92	95	94	62	75
imotm	4	7	189596	ST	89	86	93	90	89	58	82
imotm	6	7	190871	CAM	88	93	85	81	94	45	61
imotm	5	7	198710	CAM	88	84	90	94	93	61	74
imotm	5	7	178603	CB	88	68	66	81	72	92	93
imotm	4	7	167495	GK	88	91	88	91	93	55	88
imotm	4	7	165153	ST	87	86	88	79	86	48	79
imotm	5	7	189596	ST	87	84	88	85	85	56	79
imotm	5	7	167495	GK	87	88	85	91	90	55	85
imotm	4	7	167664	ST	87	81	91	70	82	48	80
imotm	4	7	192318	ST	87	84	83	86	93	53	65
imotm	4	7	182521	CM	87	60	87	92	88	67	61
imotm	4	7	182493	CB	86	69	57	72	62	89	88
imotm	4	7	148803	ST	86	73	87	67	76	51	86
imotm	5	7	182521	CM	86	59	86	91	87	66	60
imotm	4	7	170481	CB	86	57	68	75	71	91	90
imotm	4	7	142754	CDM	86	70	65	82	73	89	74
imotm	4	7	184941	ST	86	91	91	82	91	58	70
imotm	5	7	184941	ST	85	90	88	80	89	57	69
imotm	4	7	180930	ST	85	74	89	72	85	53	81
imotm	4	7	179846	CM	85	61	74	78	66	87	80
imotm	5	7	142754	CDM	85	69	63	78	70	87	72
imotm	4	7	195864	CM	85	79	86	88	90	82	88
imotm	4	7	193082	RM	84	95	78	85	91	65	62
imotm	4	7	170890	CM	84	81	72	83	81	87	82
imotm	5	7	195864	CM	84	78	85	87	89	81	86
imotm	4	7	16254	GK	84	89	86	77	90	50	88
imotm	4	7	173221	RM	83	86	79	84	86	67	62
imotm	4	7	155897	ST	83	75	88	80	85	55	86
imotm	4	7	196144	ST	83	83	79	68	80	60	88
imotm	4	7	172871	LB	83	73	70	77	74	84	84
imotm	4	7	48717	GK	83	87	80	67	90	39	90
imotm	4	7	179944	CB	83	78	71	76	73	82	82
imotm	4	7	176944	CM	82	72	75	80	78	82	87
imotm	4	7	176949	CAM	82	71	78	79	87	58	71
imotm	4	7	176571	LM	82	84	79	82	86	68	89
imotm	4	7	139968	GK	82	84	84	80	92	45	86
imotm	4	7	192985	CAM	82	82	83	84	84	55	57
imotm	4	7	140233	GK	81	88	74	76	90	47	80
imotm	4	7	193348	CAM	81	88	82	77	89	67	51
imotm	4	7	170597	GK	81	87	84	72	90	50	81
imotm	4	7	158543	ST	80	79	82	70	78	50	83
imotm	4	7	193041	GK	80	92	78	70	89	61	80
imotm	4	7	197853	RB	79	82	52	75	72	82	80
imotm	4	7	193352	LB	79	81	62	83	77	83	81
imotm	4	7	202556	LW	79	90	82	70	86	47	65
imotm	4	7	181458	RM	79	81	83	79	79	55	80
imotm	5	7	193041	GK	79	90	76	70	87	61	78
imotm	4	7	168585	CB	79	61	63	63	60	85	74
imotm	4	7	109416	ST	78	83	78	74	75	50	75
imotm	4	7	187457	CM	78	74	71	82	79	75	73
imotm	4	7	198176	CB	78	67	47	70	68	82	75
imotm	4	7	190815	CB	77	68	52	80	77	80	73
imotm	4	7	26709	CB	77	59	66	74	68	80	80
imotm	4	7	137551	LW	77	87	75	76	79	47	79
imotm	4	7	184267	CAM	77	80	68	77	86	52	62
imotm	4	7	204713	ST	74	88	76	76	79	53	71
imotm	4	7	199042	CM	74	77	73	81	76	60	57
imotm	4	7	204082	CB	73	75	51	57	57	77	80
imotm	4	7	186817	CB	71	61	45	60	52	72	73
recordbreaker	7	6	11141	ST	90	90	93	78	94	62	99
# TOTW goalkeepers (all weeks). Resolved from recon/keepers.tsv by GK stat fingerprint +
# nationality (tools/resolve_gk.py); 10 known ids verified. GK face stats = DIV HAN KIC REF SPE POS.
totw	8	3	1179	GK	87	92	80	66	82	46	92
totw	8	3	162835	GK	86	90	85	70	92	57	88
totw	8	3	167948	GK	85	88	82	74	92	63	83
totw	9	3	162835	GK	85	89	82	70	90	57	86
totw	8	3	150724	GK	84	87	79	79	89	56	83
totw	8	3	115533	GK	83	90	83	72	90	42	85
totw	8	3	16254	GK	83	86	83	77	88	50	85
totw	8	3	165580	GK	83	93	78	74	93	55	79
totw	9	3	115533	GK	82	88	80	72	88	42	82
totw	8	3	116494	GK	82	83	83	80	87	38	85
totw	8	3	192563	GK	82	86	82	84	88	46	83
totw	9	3	16254	GK	82	84	80	77	85	50	83
totw	9	3	165580	GK	82	92	75	74	92	55	76
totw	8	3	188943	GK	81	87	86	77	87	45	84
totw	8	3	186569	GK	81	87	83	74	87	44	82
totw	8	3	158121	GK	81	84	84	75	85	46	84
totw	10	3	115533	GK	81	86	78	72	85	42	79
totw	9	3	192563	GK	81	84	80	84	86	46	80
totw	8	3	139062	GK	80	83	74	68	88	52	86
totw	9	3	188943	GK	80	85	83	77	85	45	82
totw	8	3	140233	GK	80	86	71	76	87	47	77
totw	9	3	158121	GK	80	81	81	75	83	46	82
totw	8	3	139968	GK	80	82	82	75	87	42	80
totw	9	3	186569	GK	80	83	78	73	84	47	78
totw	8	3	170597	GK	80	84	82	72	86	50	78
totw	8	3	164505	GK	80	82	82	69	84	50	80
totw	8	3	146797	GK	78	82	73	76	81	45	83
totw	8	3	193041	GK	78	90	75	68	85	61	76
totw	8	3	167959	GK	78	80	77	69	85	43	81
totw	8	3	163791	GK	78	84	74	76	82	47	81
totw	8	3	47903	GK	78	80	78	65	82	31	77
totw	8	3	194911	GK	78	75	85	64	82	46	78
totw	8	3	142902	GK	78	83	73	82	80	65	76
totw	9	3	139968	GK	78	80	79	75	85	42	77
totw	8	3	101880	GK	78	83	74	74	85	38	75
totw	8	3	111661	GK	77	85	76	61	86	44	71
totw	8	3	163301	GK	77	81	74	84	80	41	73
totw	8	3	142721	GK	77	79	77	70	80	35	78
totw	8	3	190778	GK	77	80	77	77	79	57	78
totw	8	3	182736	GK	77	80	77	63	81	36	80
totw	8	3	176550	GK	77	82	73	77	85	34	75
totw	8	3	3712	GK	77	79	78	67	72	50	88
totw	8	3	49000	GK	74	77	76	69	81	33	78
totw	8	3	183070	GK	74	75	74	70	75	54	74
totw	8	3	136686	GK	74	81	74	72	75	56	74
totw	9	3	193041	GK	74	87	73	68	83	54	74
totw	8	3	183497	GK	74	79	76	70	75	44	82
totw	8	3	49212	GK	74	79	74	69	78	42	72
totw	8	3	179783	GK	74	80	74	73	81	37	72
totw	8	3	140498	GK	74	77	72	72	79	48	75
totw	8	3	158826	GK	74	75	77	71	78	42	77
totw	8	3	146527	GK	74	68	82	73	68	44	85
totw	8	3	18122	GK	74	75	74	77	80	42	80
totw	8	3	189357	GK	74	78	75	69	79	47	75
totw	8	3	120309	GK	74	75	77	55	86	53	67
totw	8	3	146458	GK	74	80	72	64	81	55	74
totw	9	3	182736	GK	74	77	74	63	78	36	77
totw	8	3	17912	GK	74	77	70	76	74	49	81
totw	8	3	7939	GK	74	79	73	68	78	50	77
totw	8	3	164507	GK	73	77	68	62	76	52	77
totw	8	3	199005	GK	73	74	73	70	74	62	75
totw	8	3	11381	GK	73	76	75	68	77	44	75
totw	8	3	179547	GK	73	76	74	63	77	50	70
totw	8	3	177475	GK	73	79	73	72	80	50	71
totw	8	3	178566	GK	73	74	78	73	81	55	70
totw	8	3	16097	GK	73	77	76	69	76	69	72
totw	8	3	199482	GK	73	76	74	67	81	59	73
totw	8	3	192593	GK	73	76	72	75	76	51	70
totw	10	3	193041	GK	73	84	69	68	80	54	70
totw	8	3	168965	GK	73	77	75	71	75	43	71
totw	8	3	142258	GK	73	76	72	62	76	52	73
totw	8	3	156092	GK	73	78	77	76	77	31	75
totw	8	3	189296	GK	72	78	73	52	78	28	68
totw	8	3	150477	GK	72	75	72	66	74	28	72
totw	8	3	158777	GK	72	78	74	60	75	38	68
totw	8	3	200698	GK	71	73	73	70	73	42	71
totw	8	3	200726	GK	71	77	70	67	72	45	66
totw	8	3	198355	GK	71	73	69	61	79	63	69
totw	8	3	189430	GK	71	74	70	52	77	45	71
totw	8	3	186941	GK	71	74	70	65	75	36	74
totw	8	3	163810	GK	71	76	72	72	71	42	70
totw	8	3	183477	GK	71	70	72	61	76	36	73
totw	8	3	200059	GK	71	75	67	64	74	43	65
totw	8	3	200110	GK	71	71	72	65	74	47	70
totw	8	3	190780	GK	70	76	63	59	78	60	67
totw	8	3	183475	GK	70	69	68	62	78	35	69
totw	8	3	177004	GK	70	75	66	62	73	51	69
totw	8	3	170632	GK	70	72	73	64	72	22	71
totw	8	3	204813	GK	69	70	65	63	72	46	71
totw	8	3	190459	GK	69	69	70	64	72	35	69
totw	8	3	179820	GK	69	73	64	59	74	51	67
totw	8	3	193302	GK	69	72	65	62	73	59	67
totw	8	3	166937	GK	64	75	72	59	66	44	56
totw	8	3	138026	GK	64	70	67	61	69	56	66
totw	8	3	182649	GK	64	57	55	46	63	41	51
totw	8	3	207557	GK	64	70	61	48	72	28	69
totw	8	3	210422	GK	64	63	65	65	63	30	56
totw	8	3	163613	GK	64	67	58	70	71	55	66
totw	8	3	155871	GK	64	72	66	61	69	59	65
totw	8	3	151184	GK	64	60	70	59	63	48	71
totw	8	3	149257	GK	64	70	63	64	66	58	69
# TOTW players/keeper resolved by birthdate (not in the outfield CSV):
totw	8	3	179645	CB	77	64	45	67	51	78	76
totw	8	3	135507	CM	82	85	78	85	83	72	56
totw	8	3	193698	GK	80	82	77	75	83	49	77
totw	8	3	106850	ST	80	80	81	79	85	48	76
# === TOTW auto-generated by tools/gen_totw.py - regenerated in place; hand-edit rows ABOVE only ===
totw	8	3	158023	CF	96	93	93	88	97	46	71
totw	9	3	158023	CF	95	92	91	86	96	45	70
totw	8	3	20801	LW	94	94	94	81	93	50	89
totw	9	3	20801	LM	93	93	92	80	92	49	87
totw	8	3	41236	ST	92	79	94	85	91	57	84
totw	8	3	176580	ST	91	85	94	82	94	60	82
totw	8	3	183277	LM	91	92	92	91	93	52	66
totw	9	3	41236	ST	91	78	93	84	91	56	83
totw	8	3	156616	LM	91	91	83	86	94	49	57
totw	8	3	189596	RM	90	87	95	91	90	59	83
totw	8	3	121939	RB	90	82	61	90	86	88	71
totw	8	3	41	LW	90	76	74	93	93	67	57
totw	8	3	9014	RM	90	93	89	84	93	50	62
totw	9	3	183277	LM	90	91	88	90	93	51	65
totw	9	3	176580	ST	90	84	92	79	93	59	81
totw	8	3	153079	ST	90	90	90	79	91	46	75
totw	10	3	41236	ST	90	77	92	80	90	55	81
totw	8	3	7826	ST	90	77	91	83	86	50	74
totw	8	3	188545	ST	89	85	90	74	89	57	88
totw	8	3	183898	RW	89	91	85	89	90	61	65
totw	8	3	162895	CDM	89	71	85	95	88	70	75
totw	8	3	164240	CB	89	82	64	77	73	91	87
totw	8	3	173731	RM	89	94	90	87	88	76	78
totw	8	3	168542	LM	89	79	80	88	91	48	61
totw	8	3	121944	CDM	89	64	82	89	85	81	76
totw	9	3	9014	RM	89	92	87	82	93	49	61
totw	9	3	121939	CDM	89	81	60	89	85	87	70
totw	10	3	176580	ST	89	83	89	77	92	58	78
totw	10	3	183277	LM	89	90	85	88	92	50	64
totw	9	3	153079	ST	89	89	88	74	91	45	74
totw	8	3	120274	ST	88	89	94	84	92	49	66
totw	8	3	139869	CAM	88	76	90	93	89	65	58
totw	9	3	189596	ST	88	85	90	87	87	57	80
totw	9	3	183898	CM	88	91	83	88	90	60	63
totw	8	3	165153	LW	88	87	90	83	87	50	80
totw	8	3	178088	CAM	88	79	80	85	89	47	65
totw	8	3	143001	ST	88	83	91	82	88	59	74
totw	9	3	164240	CB	88	81	62	75	72	89	85
totw	9	3	162895	CM	88	70	84	93	87	69	74
totw	9	3	173731	RM	88	93	87	85	86	75	77
totw	9	3	188545	ST	88	84	87	72	87	55	85
totw	8	3	176635	CAM	88	77	77	87	89	45	58
totw	10	3	121939	RB	88	80	58	87	83	85	68
totw	8	3	179844	ST	87	86	89	66	85	60	84
totw	8	3	198710	CAM	87	83	88	93	92	60	70
totw	8	3	7763	CM	87	59	79	93	84	68	54
totw	8	3	178603	CB	87	67	64	79	71	90	91
totw	9	3	120274	ST	87	88	92	83	91	47	64
totw	8	3	165239	RM	87	84	85	88	91	55	65
totw	8	3	188350	LM	87	93	90	84	89	49	64
totw	8	3	20289	CDM	87	78	79	82	80	85	85
totw	8	3	159065	LW	87	90	85	77	91	51	64
totw	8	3	138956	CB	87	78	57	67	59	89	84
totw	8	3	152729	CB	87	63	55	77	68	89	83
totw	8	3	181872	CM	87	81	83	86	85	84	73
totw	8	3	189505	LW	87	86	86	84	88	52	61
totw	10	3	183898	RM	87	90	81	86	88	59	61
totw	9	3	143001	ST	87	82	90	80	86	58	73
totw	10	3	162895	CM	87	69	82	91	84	67	73
totw	10	3	188545	ST	87	83	83	70	86	54	84
totw	8	3	188152	RM	86	85	81	86	89	48	56
totw	8	3	192318	LW	86	83	78	84	91	52	64
totw	10	3	120274	ST	86	87	90	82	90	46	63
totw	8	3	167664	ST	86	80	89	67	80	47	78
totw	8	3	189362	RM	86	88	90	86	87	62	76
totw	9	3	198710	CAM	86	82	87	92	91	59	69
totw	9	3	179844	ST	86	85	87	64	83	59	83
totw	9	3	178603	CB	86	66	61	76	69	88	87
totw	10	3	189596	RM	86	83	84	83	82	55	77
totw	8	3	177003	CM	86	77	77	89	88	71	63
totw	9	3	139869	CAM	86	74	86	90	86	63	55
totw	8	3	146562	LM	86	79	81	87	88	52	64
totw	8	3	177509	CB	86	75	44	66	65	91	88
totw	8	3	146536	RM	86	91	76	82	88	45	59
totw	9	3	165153	ST	86	85	85	76	84	47	78
totw	9	3	159065	LW	86	89	82	75	90	50	62
totw	9	3	189505	RW	86	85	80	81	87	53	59
totw	9	3	188350	LM	86	92	88	82	87	48	62
totw	8	3	181820	ST	85	82	85	79	89	51	78
totw	8	3	177326	CAM	85	87	80	89	87	47	52
totw	8	3	50542	ST	85	86	91	63	85	45	72
totw	8	3	170890	CM	85	83	73	85	83	89	84
totw	8	3	170481	CB	85	56	67	72	69	90	89
totw	9	3	188152	CAM	85	84	79	83	88	47	54
totw	8	3	182493	CB	85	68	51	69	61	89	87
totw	8	3	148803	ST	85	72	85	63	73	51	83
totw	8	3	13732	CB	85	44	52	62	52	90	87
totw	9	3	167664	ST	85	79	84	65	78	46	77
totw	8	3	143745	LM	85	75	79	86	90	50	71
totw	8	3	9676	ST	85	91	86	70	88	51	76
totw	8	3	146758	ST	85	79	85	68	80	55	82
totw	10	3	198710	CAM	85	81	83	89	89	58	68
totw	8	3	186627	ST	85	85	86	68	87	50	76
totw	9	3	165239	LM	85	82	80	85	88	52	62
totw	9	3	177509	CB	85	74	43	64	64	90	85
totw	10	3	139869	CAM	85	73	81	89	85	62	53
totw	8	3	182521	CAM	85	58	84	89	85	64	58
totw	8	3	190871	LW	85	91	83	80	93	44	60
totw	10	3	179844	ST	85	84	85	62	82	58	82
totw	9	3	189362	RW	85	87	88	83	85	61	75
totw	8	3	197781	CAM	85	81	76	83	90	47	63
totw	8	3	196144	ST	84	84	81	69	81	61	89
totw	8	3	113422	LM	84	78	88	76	88	48	73
totw	8	3	136248	RW	84	86	79	87	86	46	51
totw	9	3	50542	ST	84	85	89	61	83	44	71
totw	8	3	180930	ST	84	73	86	70	83	52	78
totw	8	3	173771	RB	84	86	70	79	76	83	79
totw	8	3	120533	CB	84	75	52	62	59	86	82
totw	8	3	138449	CAM	84	72	87	84	88	47	54
totw	8	3	13743	CDM	84	68	87	88	79	75	76
totw	8	3	165229	CB	84	79	42	68	63	86	83
totw	8	3	31432	ST	84	73	85	72	78	52	88
totw	8	3	176676	LB	84	83	71	82	85	83	71
totw	8	3	194765	LW	84	87	83	79	88	46	68
totw	8	3	167943	CAM	84	70	83	86	82	76	71
totw	9	3	170481	CB	84	55	66	74	67	89	87
totw	8	3	184941	RW	84	89	86	77	88	56	67
totw	9	3	182493	CB	84	67	50	68	60	86	86
totw	9	3	13732	CB	84	43	48	60	51	87	86
totw	8	3	162347	CM	84	79	77	87	84	75	70
totw	11	3	198710	RM	84	80	81	86	87	56	67
totw	8	3	163631	LB	84	80	78	81	80	81	73
totw	8	3	189332	LB	83	93	69	79	83	82	70
totw	8	3	188829	CB	83	79	50	75	71	88	81
totw	8	3	152999	ST	83	86	85	78	86	45	74
totw	8	3	200949	RW	83	93	80	81	89	54	56
totw	8	3	30110	ST	83	67	85	85	85	44	82
totw	8	3	25420	ST	83	66	88	75	85	50	82
totw	8	3	188612	LW	83	94	76	82	90	64	60
totw	8	3	195864	CM	83	77	83	85	88	80	85
totw	8	3	190460	LM	83	84	78	86	86	56	54
totw	8	3	171833	RW	83	90	82	68	85	46	74
totw	8	3	183280	CB	83	55	57	67	59	85	87
totw	8	3	23461	CB	83	56	43	60	45	90	80
totw	8	3	184881	RM	83	86	76	83	89	53	60
totw	8	3	112253	CDM	83	54	53	81	72	82	76
totw	8	3	164169	LB	83	84	64	81	80	83	68
totw	9	3	170890	CM	83	80	69	81	79	85	81
totw	9	3	194765	LW	83	86	79	78	86	44	65
totw	9	3	138449	CAM	83	71	84	82	86	45	52
totw	8	3	168651	CM	83	71	87	89	84	63	57
totw	8	3	142780	CB	83	68	51	69	67	87	84
totw	8	3	135475	CDM	83	77	77	82	78	85	88
totw	8	3	53612	CB	83	36	43	61	47	89	81
totw	9	3	167943	CAM	83	69	79	84	80	75	70
totw	8	3	186561	CDM	83	73	83	85	84	74	67
totw	8	3	161956	CM	83	70	79	88	83	71	61
totw	8	3	169416	ST	83	87	82	74	88	47	67
totw	8	3	1001	CAM	83	65	82	89	86	62	64
totw	8	3	170797	CM	83	57	76	87	84	71	53
totw	8	3	162409	ST	83	84	89	74	86	43	61
totw	9	3	184941	ST	83	88	80	75	87	54	65
totw	8	3	1238	CF	83	53	89	90	86	49	54
totw	9	3	177326	CAM	83	85	76	84	85	44	50
totw	8	3	142708	ST	83	78	84	66	82	46	81
totw	8	3	197445	LB	83	87	74	88	84	83	72
totw	10	3	170481	CB	83	54	64	73	66	86	84
totw	8	3	123603	CB	83	70	47	69	63	87	82
totw	8	3	177388	CAM	82	83	86	82	87	57	65
totw	8	3	170368	RM	82	81	82	81	90	43	67
totw	8	3	193130	RW	82	90	89	80	88	52	70
totw	8	3	185221	CDM	82	76	60	79	74	86	79
totw	8	3	135460	CAM	82	47	83	87	85	46	68
totw	8	3	175943	CAM	82	85	89	77	87	45	44
totw	8	3	199434	CAM	82	76	81	88	86	50	64
totw	8	3	103935	CM	82	57	86	88	85	69	66
totw	8	3	155897	LW	82	74	86	78	83	54	85
totw	9	3	25420	ST	82	65	84	69	83	49	80
totw	10	3	50542	ST	82	84	87	58	80	43	69
totw	8	3	184111	ST	82	82	81	64	77	49	86
totw	8	3	184144	LM	82	84	77	80	88	51	58
totw	8	3	178509	ST	82	67	87	71	72	55	84
totw	8	3	188567	RM	82	95	85	80	80	57	79
totw	9	3	188829	CB	82	78	48	73	69	85	78
totw	8	3	192883	CAM	82	81	82	78	85	64	67
totw	8	3	166706	CB	82	62	43	60	53	84	86
totw	8	3	189509	CM	82	73	73	81	87	59	67
totw	8	3	136130	CB	82	56	68	59	58	84	88
totw	8	3	53050	ST	82	75	84	69	82	49	86
totw	9	3	184881	RM	82	85	75	79	88	52	59
totw	8	3	164859	RW	82	96	76	74	82	48	59
totw	8	3	190531	LB	82	78	47	65	64	86	90
totw	8	3	135507	CM	82	84	80	85	83	71	56
totw	8	3	176769	CF	82	77	84	68	86	47	63
totw	8	3	139997	RB	82	80	79	89	77	86	68
totw	8	3	183285	CB	82	71	41	68	57	84	83
totw	8	3	173909	CAM	82	78	82	80	83	76	85
totw	9	3	195864	CM	82	76	81	83	86	79	84
totw	9	3	188612	LW	82	94	71	79	89	63	59
totw	9	3	168651	CM	82	70	85	88	81	62	55
totw	8	3	168609	CB	82	77	50	60	63	83	85
totw	8	3	193747	LM	82	76	74	87	83	62	64
totw	10	3	170890	CM	82	79	67	79	76	84	78
totw	9	3	186561	CDM	82	72	80	83	82	73	64
totw	8	3	7743	LM	81	87	82	80	81	58	65
totw	8	3	184344	CB	81	74	55	75	66	85	88
totw	8	3	134956	CB	81	65	61	70	56	86	85
totw	8	3	178518	CM	81	84	75	84	83	78	67
totw	8	3	1625	ST	81	77	84	79	86	46	68
totw	8	3	178372	RB	81	62	60	69	60	88	85
totw	8	3	147445	LM	81	78	88	84	84	45	79
totw	8	3	173208	LB	81	83	67	79	77	83	73
totw	8	3	182495	RB	81	83	60	69	70	84	80
totw	8	3	159147	CB	81	67	72	76	67	86	82
totw	8	3	184042	ST	81	74	82	60	78	56	88
totw	8	3	167812	RB	81	69	35	70	65	89	85
totw	8	3	171579	RM	81	69	76	82	76	73	80
totw	8	3	150516	LM	81	82	91	71	81	47	69
totw	8	3	213439	CM	81	84	72	80	90	42	52
totw	8	3	172879	CB	81	78	54	73	65	86	84
totw	8	3	146760	RB	81	85	61	78	81	87	66
totw	8	3	176571	LW	81	83	76	80	84	67	86
totw	8	3	171919	CB	81	75	65	63	55	84	80
totw	9	3	199434	CAM	81	75	76	86	84	49	62
totw	8	3	186832	LM	81	84	79	80	84	75	74
totw	8	3	106231	ST	81	69	84	63	73	55	91
totw	8	3	187339	RM	81	89	86	78	86	51	69
totw	9	3	177388	CM	81	82	83	80	85	56	63
totw	8	3	142938	ST	81	68	83	61	74	49	87
totw	9	3	103935	CM	81	56	82	86	83	68	63
totw	8	3	170369	ST	81	87	82	84	90	42	54
totw	8	3	135455	RB	81	81	79	83	76	85	81
totw	9	3	175943	CAM	81	84	81	76	85	44	42
totw	9	3	53050	ST	81	74	81	67	80	48	83
totw	8	3	158232	ST	81	85	83	73	88	45	76
totw	8	3	180819	CAM	81	78	74	80	85	59	70
totw	9	3	139997	RB	81	79	76	89	75	83	66
totw	8	3	180206	CM	81	71	81	86	84	67	65
totw	8	3	183483	ST	81	64	86	65	76	46	83
totw	8	3	192505	ST	81	85	81	70	77	49	80
totw	8	3	195086	CB	81	55	45	69	63	83	82
totw	9	3	188567	RM	81	95	81	78	79	56	78
totw	8	3	186146	ST	80	86	80	74	80	47	80
totw	8	3	155885	RM	80	90	75	78	89	56	61
totw	8	3	185103	LB	80	68	76	80	75	83	78
totw	8	3	53405	LB	80	76	64	85	75	83	76
totw	8	3	141200	CB	80	62	53	65	55	83	83
totw	8	3	169596	CB	80	59	40	60	50	85	84
totw	8	3	199561	LM	80	82	80	79	87	55	56
totw	8	3	202556	LW	80	91	85	72	87	48	66
totw	8	3	184484	CAM	80	70	86	79	74	58	68
totw	8	3	189250	ST	80	82	82	59	75	50	86
totw	8	3	192086	CF	80	86	82	73	78	54	74
totw	8	3	330	ST	80	72	82	72	83	48	65
totw	9	3	1625	ST	80	76	82	77	85	45	65
totw	8	3	176605	LB	80	91	69	80	80	78	67
totw	8	3	193532	CB	80	77	70	72	70	86	74
totw	8	3	181459	RB	80	78	61	82	71	80	81
totw	8	3	163023	ST	80	86	80	78	80	56	64
totw	8	3	138708	CAM	80	80	79	84	83	45	57
totw	8	3	191740	CAM	80	77	65	81	86	64	51
totw	8	3	53578	CDM	80	67	62	76	72	82	78
totw	8	3	158138	CAM	80	79	82	79	81	56	69
totw	8	3	189575	LW	80	86	75	72	86	50	54
totw	8	3	147621	RM	80	83	75	80	81	58	62
totw	8	3	192615	CB	80	61	55	68	60	87	85
totw	8	3	106213	RB	80	80	63	80	76	82	67
totw	8	3	202652	CF	80	92	75	74	86	54	50
totw	8	3	176600	ST	80	81	81	73	77	48	70
totw	8	3	193338	ST	80	81	82	64	80	45	79
totw	8	3	179605	LM	80	80	76	80	86	46	50
totw	8	3	188005	CDM	80	69	52	70	65	78	85
totw	8	3	167614	CAM	80	73	80	83	76	73	69
totw	8	3	189125	LM	80	83	77	81	83	70	66
totw	8	3	146460	CDM	80	67	67	77	66	79	59
totw	8	3	179847	CB	80	48	41	66	63	85	77
totw	8	3	188081	CAM	80	80	74	79	85	72	56
totw	8	3	154950	LM	80	80	75	82	81	71	60
totw	8	3	193504	CB	80	76	43	64	64	84	85
totw	8	3	182168	CB	80	60	40	55	50	86	80
totw	9	3	134956	CB	80	64	60	68	55	83	82
totw	9	3	167812	CB	80	68	34	64	64	85	83
totw	8	3	201942	CAM	80	78	75	78	84	44	72
totw	9	3	146760	RB	80	84	60	75	80	84	64
totw	8	3	137159	CM	80	80	70	78	82	49	62
totw	8	3	176619	ST	80	87	76	74	79	51	87
totw	8	3	193476	ST	80	82	79	81	84	52	52
totw	9	3	106231	ST	80	68	80	61	71	54	90
totw	8	3	108080	RM	80	84	68	83	77	80	72
totw	8	3	6826	CDM	80	46	73	84	71	82	76
totw	9	3	184344	CB	80	73	54	70	65	82	86
totw	9	3	147445	LM	80	77	86	82	82	44	77
totw	8	3	167237	ST	80	78	84	66	75	46	73
totw	8	3	200223	CAM	80	76	74	77	86	60	52
totw	8	3	150415	CAM	80	82	77	77	86	53	60
totw	8	3	185239	CB	80	78	42	68	69	83	81
totw	9	3	135455	RB	80	80	76	81	75	82	79
totw	9	3	159147	CB	80	66	64	75	66	83	80
totw	8	3	153296	CAM	80	68	73	80	74	72	78
totw	8	3	158626	RB	80	79	66	78	75	80	76
totw	9	3	170369	ST	80	86	78	80	89	41	53
totw	8	3	173146	CM	80	68	71	88	78	67	52
totw	8	3	170733	LM	80	89	70	78	84	50	56
totw	9	3	158232	RM	80	84	78	71	86	44	75
totw	8	3	175379	RM	80	77	76	86	81	50	50
totw	8	3	164376	ST	80	58	80	61	69	49	88
totw	8	3	137506	CAM	80	76	86	74	84	53	72
totw	8	3	207865	CB	80	79	42	67	63	81	74
totw	8	3	140384	ST	80	75	82	66	76	47	83
totw	8	3	198076	CB	80	69	52	71	61	85	79
totw	8	3	170815	CM	79	74	70	81	78	77	67
totw	8	3	177358	CDM	79	72	65	75	67	79	70
totw	8	3	137494	ST	79	94	75	56	77	47	73
totw	8	3	183870	LW	79	85	74	78	77	50	64
totw	8	3	110376	ST	79	73	85	76	82	48	78
totw	8	3	136553	ST	79	55	86	73	72	41	83
totw	8	3	191725	CAM	79	73	85	84	80	40	57
totw	8	3	107715	CB	79	53	58	61	65	81	85
totw	8	3	199451	ST	79	83	85	72	83	43	75
totw	8	3	187688	CAM	79	45	76	84	81	51	62
totw	8	3	189560	CDM	79	58	75	74	67	79	80
totw	8	3	156713	CB	79	56	57	64	54	84	82
totw	8	3	177666	LM	79	83	78	76	79	52	76
totw	9	3	141200	CB	79	61	52	63	53	79	81
totw	9	3	189250	ST	79	81	78	56	73	49	83
totw	8	3	52270	LB	79	69	60	70	59	83	82
totw	8	3	148122	CB	79	59	42	70	47	81	82
totw	8	3	187075	ST	79	85	83	71	83	48	66
totw	9	3	192615	CB	79	60	53	64	57	82	83
totw	8	3	183711	CM	79	76	76	80	78	72	72
totw	8	3	176794	ST	79	67	82	73	77	54	78
totw	9	3	202652	LW	79	91	69	70	84	58	48
totw	8	3	198784	CDM	79	90	74	73	86	50	53
totw	8	3	199556	CM	79	69	64	83	83	73	62
totw	8	3	3622	CB	79	51	47	66	56	82	81
totw	8	3	165740	RM	79	78	76	80	83	51	52
totw	8	3	204963	RB	79	84	41	80	79	79	65
totw	8	3	175092	LB	79	78	64	68	67	83	78
totw	8	3	189574	CDM	79	60	63	77	72	79	69
totw	8	3	157430	LB	79	51	85	86	77	72	60
totw	8	3	182862	RB	79	75	69	76	77	81	71
totw	8	3	185373	CAM	79	81	78	77	77	58	67
totw	9	3	53405	LB	79	75	63	82	74	80	74
totw	8	3	185000	CAM	79	76	81	79	80	43	76
totw	8	3	186296	CDM	78	72	72	82	80	74	64
totw	8	3	192362	RW	78	94	67	75	78	43	55
totw	8	3	2492	LB	78	90	75	75	77	79	67
totw	8	3	184252	ST	78	73	78	61	71	51	81
totw	8	3	187607	ST	78	77	81	71	72	51	79
totw	8	3	105318	CAM	78	74	74	87	79	58	50
totw	8	3	172114	CAM	78	72	75	78	79	47	67
totw	8	3	149568	ST	78	56	78	61	78	47	89
totw	9	3	199561	LW	78	81	77	76	85	54	55
totw	8	3	188388	CAM	78	78	74	81	83	42	48
totw	8	3	180216	RB	78	84	62	78	77	80	70
totw	8	3	186961	ST	78	80	75	58	74	46	80
totw	8	3	201862	CB	78	73	56	73	63	82	83
totw	9	3	193338	ST	78	80	77	62	78	44	78
totw	8	3	177528	ST	78	80	77	58	70	46	81
totw	8	3	197242	CDM	78	60	56	75	59	81	84
totw	8	3	192658	RB	78	79	53	77	73	77	69
totw	8	3	170570	CAM	78	75	70	76	78	58	50
totw	8	3	159171	LW	78	73	75	76	85	43	54
totw	8	3	135697	ST	78	77	81	70	82	46	60
totw	8	3	138456	CAM	78	87	78	76	83	48	69
totw	8	3	158543	ST	78	78	79	66	75	47	81
totw	9	3	181459	RB	78	77	59	80	70	77	79
totw	8	3	200104	LW	78	84	83	71	81	42	64
totw	8	3	176270	ST	78	87	79	45	77	49	77
totw	8	3	105474	CM	78	56	76	85	71	73	67
totw	8	3	13130	CB	78	66	32	65	59	82	79
totw	8	3	174551	ST	78	75	81	78	80	56	68
totw	8	3	105454	RM	78	88	80	76	87	41	57
totw	8	3	194196	CB	78	75	43	66	72	81	82
totw	8	3	197890	CB	78	59	36	60	52	83	74
totw	9	3	193476	CAM	78	81	74	78	82	51	50
totw	8	3	183909	RM	78	88	64	75	85	46	51
totw	8	3	187492	LB	78	78	68	80	73	76	72
totw	9	3	184484	LM	78	69	84	77	72	57	66
totw	9	3	183483	ST	78	63	81	62	74	45	80
totw	8	3	3665	CAM	77	57	78	77	75	59	59
totw	8	3	196143	ST	77	86	80	64	80	42	64
totw	8	3	188177	CB	77	67	46	60	56	80	80
totw	8	3	192333	CB	77	69	43	69	68	82	81
totw	8	3	158351	LM	77	91	82	77	77	45	67
totw	9	3	110376	ST	77	72	83	74	81	46	75
totw	8	3	142603	LW	77	52	80	84	79	42	61
totw	8	3	185394	CB	77	58	56	63	60	81	80
totw	8	3	53436	ST	77	66	79	65	74	53	82
totw	8	3	185061	CAM	77	70	78	78	78	53	60
totw	9	3	191725	CAM	77	72	81	80	78	39	56
totw	8	3	3484	CB	77	53	36	64	55	83	75
totw	8	3	138181	CB	77	54	39	46	45	80	83
totw	8	3	40900	CB	77	62	46	65	50	80	77
totw	8	3	196073	ST	77	70	87	74	79	49	78
totw	8	3	107651	CAM	77	76	84	72	81	49	74
totw	8	3	197756	ST	77	79	78	73	79	47	71
totw	8	3	188155	RWB	77	75	67	79	75	79	72
totw	8	3	192387	ST	77	80	78	55	74	48	81
totw	8	3	153177	ST	77	88	78	67	86	45	64
totw	8	3	197853	RM	77	80	50	72	70	80	78
totw	8	3	181816	RB	77	79	48	71	69	80	69
totw	8	3	183394	RM	77	81	78	74	77	78	75
totw	8	3	143102	CB	77	55	58	57	61	80	82
totw	8	3	172949	CB	77	75	39	55	45	80	83
totw	8	3	155979	ST	77	77	86	74	79	47	68
totw	8	3	51394	CAM	77	59	80	78	71	71	82
totw	8	3	155976	CM	77	55	79	85	76	67	71
totw	8	3	51123	CB	77	61	78	81	74	75	75
totw	9	3	187075	ST	77	84	79	69	81	47	64
totw	8	3	193301	ST	77	87	75	70	79	51	74
totw	8	3	1075	CAM	77	48	85	74	81	50	54
totw	8	3	150565	LB	77	82	61	77	71	79	75
totw	8	3	159580	LB	77	79	56	70	72	79	64
totw	8	3	138810	CAM	77	71	78	78	82	47	60
totw	8	3	199418	LM	77	83	72	75	81	49	52
totw	8	3	204523	CM	77	67	67	86	79	61	53
totw	8	3	137960	RM	77	75	71	80	78	58	54
totw	9	3	199451	ST	77	82	79	71	81	42	74
totw	8	3	195365	RM	77	85	67	80	88	50	46
totw	8	3	193525	RB	77	79	52	67	68	80	76
totw	8	3	150309	RW	77	88	80	74	76	52	67
totw	8	3	179645	CB	77	63	44	67	50	82	77
totw	8	3	200458	LB	77	81	50	75	73	77	70
totw	9	3	193504	CB	77	75	36	62	63	82	84
totw	8	3	167706	ST	77	63	74	65	71	49	84
totw	8	3	152830	CB	77	77	63	66	66	79	75
totw	8	3	176285	CB	77	74	51	55	48	80	80
totw	8	3	111206	RB	77	78	57	78	74	77	72
totw	8	3	114123	ST	77	68	82	80	78	50	71
totw	8	3	202911	ST	74	76	81	68	76	42	72
totw	8	3	172290	LM	74	67	70	78	79	55	54
totw	8	3	207742	CAM	74	83	67	79	78	67	65
totw	8	3	158525	ST	74	70	75	57	71	56	88
totw	8	3	178251	RB	74	74	60	81	69	77	68
totw	8	3	202335	CB	74	54	63	68	63	79	79
totw	8	3	172143	LW	74	71	78	80	79	61	59
totw	8	3	20096	CM	74	51	60	76	69	72	46
totw	8	3	198243	ST	74	84	78	63	69	48	81
totw	8	3	177022	CF	74	77	72	70	86	50	62
totw	8	3	190155	RB	74	83	77	79	75	60	66
totw	8	3	156368	RW	74	59	77	78	76	40	54
totw	8	3	188860	ST	74	65	81	68	73	49	73
totw	8	3	142966	CAM	74	77	73	69	83	48	56
totw	8	3	4111	CB	74	37	42	38	37	83	81
totw	8	3	167669	CF	74	75	76	77	79	52	70
totw	8	3	139860	LB	74	76	67	72	68	75	71
totw	8	3	199178	CAM	74	76	70	74	71	76	67
totw	8	3	183766	CB	74	72	47	54	46	81	83
totw	8	3	204737	RM	74	91	70	68	83	37	42
totw	8	3	175753	RM	74	82	74	74	82	45	57
totw	8	3	186550	LB	74	76	74	78	76	77	68
totw	8	3	189218	CDM	74	68	73	82	75	64	60
totw	8	3	187598	CB	74	65	53	55	60	82	79
totw	8	3	192671	RW	74	80	76	66	80	47	79
totw	8	3	188325	ST	74	66	79	62	72	47	82
totw	8	3	183905	CAM	74	88	79	68	81	41	60
totw	8	3	152514	RM	74	79	76	71	83	48	55
totw	8	3	191834	ST	74	83	80	59	70	47	68
totw	8	3	169792	LM	74	86	76	67	80	49	77
totw	8	3	168444	ST	74	82	81	73	76	50	80
totw	8	3	159080	CM	74	75	77	72	72	70	66
totw	8	3	184624	ST	74	73	74	44	69	51	75
totw	8	3	100806	CAM	74	74	79	77	79	46	59
totw	8	3	201155	CAM	74	79	70	76	81	54	54
totw	8	3	188044	ST	74	83	82	68	79	44	72
totw	9	3	142603	CAM	74	51	78	82	76	41	60
totw	8	3	146377	RM	74	80	70	70	80	52	59
totw	8	3	150496	ST	74	83	78	60	76	43	74
totw	8	3	139792	CB	74	68	56	65	65	79	78
totw	8	3	53630	LB	74	73	71	75	68	78	88
totw	9	3	196073	ST	74	67	75	70	75	48	75
totw	8	3	110283	CAM	74	64	79	86	74	58	56
totw	8	3	135742	CB	74	55	47	65	47	79	77
totw	8	3	163828	ST	74	77	76	61	70	45	68
totw	9	3	188155	RB	74	74	63	77	74	76	70
totw	8	3	210935	RW	74	82	81	71	78	44	63
totw	8	3	201400	RM	74	78	72	61	83	52	62
totw	8	3	201377	CB	74	68	42	50	49	78	85
totw	8	3	213430	ST	74	67	79	60	74	44	74
totw	8	3	152588	CAM	74	66	76	75	74	62	66
totw	8	3	23015	ST	74	37	72	50	59	47	87
totw	8	3	194365	ST	74	79	74	74	81	46	79
totw	8	3	177578	CB	74	55	34	52	40	82	79
totw	8	3	139597	ST	74	78	77	60	72	50	80
totw	8	3	186695	CB	74	60	36	54	46	79	84
totw	8	3	52958	RB	74	73	44	72	68	80	65
totw	8	3	190919	ST	74	79	81	66	79	50	63
totw	8	3	203483	CM	74	77	74	73	76	65	74
totw	8	3	152741	CB	74	59	37	61	45	80	77
totw	9	3	107651	CAM	74	75	76	68	76	48	71
totw	8	3	193475	LB	74	78	56	78	74	78	79
totw	8	3	202934	CDM	74	79	65	78	78	73	59
totw	8	3	146762	CM	74	66	59	73	72	73	83
totw	9	3	155979	ST	74	76	82	71	77	46	66
totw	8	3	194209	ST	74	75	83	63	87	50	70
totw	9	3	204523	CM	74	66	65	81	77	60	51
totw	8	3	183526	LM	74	82	71	72	85	45	57
totw	8	3	51105	CB	74	39	35	58	56	76	80
totw	8	3	183498	CM	74	72	73	81	75	72	69
totw	8	3	193176	CM	74	68	74	78	72	64	56
totw	8	3	190143	LB	74	80	58	71	73	76	65
totw	9	3	195365	RM	74	84	61	77	87	48	45
totw	8	3	194932	RM	74	90	72	71	83	43	56
totw	8	3	190557	CM	74	70	76	81	73	64	63
totw	8	3	184472	LB	74	85	65	74	71	74	71
totw	8	3	198196	ST	74	65	80	50	67	50	81
totw	8	3	137551	LM	74	86	70	72	77	46	78
totw	8	3	201118	RB	74	80	66	74	76	73	64
totw	10	3	193504	CB	74	74	35	60	61	77	81
totw	8	3	182440	LW	74	85	70	71	80	49	60
totw	8	3	203038	LM	74	77	66	74	82	46	60
totw	8	3	187935	LW	74	77	71	74	76	53	59
totw	8	3	192778	ST	74	75	75	72	77	53	78
totw	8	3	138334	ST	74	70	83	65	79	43	59
totw	8	3	186839	ST	73	89	71	65	74	46	68
totw	8	3	3467	ST	73	71	79	54	72	47	70
totw	8	3	202857	RM	73	81	68	74	79	46	58
totw	8	3	198599	RB	73	83	57	62	70	77	67
totw	8	3	186130	CB	73	70	35	62	60	76	77
totw	8	3	169805	CM	73	62	66	75	72	67	67
totw	8	3	202201	CB	73	74	53	70	66	76	75
totw	8	3	204838	ST	73	79	74	62	73	45	80
totw	8	3	167306	CB	73	61	35	58	55	77	76
totw	8	3	197391	RB	73	81	66	76	74	75	68
totw	8	3	156112	CM	73	67	71	76	73	64	68
totw	8	3	190536	CM	73	73	72	74	76	62	64
totw	8	3	194135	LM	73	83	75	73	79	44	58
totw	8	3	143207	CB	73	64	54	62	64	78	79
totw	8	3	172620	CB	73	68	46	53	59	78	80
totw	8	3	46740	CM	73	58	65	73	74	41	46
totw	8	3	104476	CM	73	59	71	73	67	67	71
totw	8	3	136306	CB	73	51	67	57	57	74	81
totw	8	3	164464	ST	73	85	78	53	73	45	69
totw	8	3	172517	CM	73	80	72	71	74	72	65
totw	8	3	192678	ST	73	68	75	57	69	42	77
totw	8	3	189728	ST	73	85	71	69	84	44	66
totw	8	3	199152	ST	73	46	74	50	62	47	77
totw	8	3	187515	ST	73	67	77	62	74	46	72
totw	8	3	209440	ST	73	85	71	67	83	39	60
totw	8	3	52174	RM	73	76	74	73	75	56	65
totw	8	3	189241	CB	73	55	50	54	53	80	80
totw	8	3	138787	ST	73	60	83	63	67	44	65
totw	8	3	205083	CAM	73	70	72	82	76	54	58
totw	8	3	190722	ST	73	85	78	62	73	48	69
totw	8	3	111038	CAM	73	67	78	71	70	56	58
totw	8	3	200111	RB	73	87	52	77	74	74	74
totw	8	3	165804	ST	73	52	77	61	69	55	78
totw	8	3	169281	LM	73	87	74	70	74	41	70
totw	8	3	178684	CB	73	47	52	64	54	78	75
totw	8	3	212218	CB	73	55	31	60	50	79	72
totw	8	3	195093	ST	73	67	78	53	71	49	64
totw	8	3	175088	CB	73	52	63	65	48	80	79
totw	8	3	176733	ST	73	72	77	59	71	45	73
totw	8	3	45074	CF	73	70	79	77	78	48	69
totw	8	3	171137	CB	73	53	51	61	47	77	87
totw	8	3	167705	ST	73	81	81	65	74	45	72
totw	10	3	110376	ST	73	70	78	69	75	44	70
totw	8	3	142454	CDM	73	55	69	77	59	69	54
totw	8	3	204529	ST	73	80	74	56	75	47	70
totw	9	3	190155	RB	73	82	76	77	73	55	65
totw	8	3	51771	CAM	73	52	72	71	59	70	70
totw	8	3	171378	RWB	73	83	61	71	71	74	73
totw	8	3	146011	ST	73	87	75	59	80	45	76
totw	8	3	208022	ST	73	92	71	63	72	52	75
totw	9	3	180216	RB	73	82	63	74	77	76	66
totw	8	3	204136	ST	73	65	73	68	71	52	78
totw	8	3	168950	RM	73	77	72	72	80	48	75
totw	8	3	199189	CAM	73	80	67	74	74	60	67
totw	8	3	184664	CB	73	64	50	60	50	78	84
totw	8	3	186190	LB	73	91	57	77	76	72	71
totw	8	3	204690	ST	73	87	71	61	72	44	66
totw	8	3	188654	RB	73	56	32	55	40	77	73
totw	8	3	161938	ST	73	66	74	61	67	45	83
totw	8	3	203376	CB	73	67	65	66	61	76	84
totw	9	3	210935	RW	73	81	75	69	76	43	61
totw	8	3	190425	ST	73	77	75	50	72	43	68
totw	8	3	185194	CB	73	68	37	59	51	78	83
totw	9	3	193475	LB	73	77	54	77	72	74	76
totw	8	3	189167	CM	73	69	65	72	72	71	72
totw	8	3	213432	ST	73	65	73	56	71	42	72
totw	8	3	152787	CB	73	50	50	58	52	76	83
totw	8	3	203613	ST	73	66	80	61	67	47	79
totw	9	3	188044	ST	73	82	76	65	77	43	70
totw	9	3	159080	CM	73	74	70	69	70	68	64
totw	8	3	207614	LM	72	90	72	66	75	52	73
totw	8	3	168317	ST	72	68	72	63	72	48	77
totw	8	3	168290	RM	72	69	71	70	72	52	66
totw	8	3	184285	CAM	72	70	69	70	70	47	56
totw	8	3	209608	LM	72	93	68	65	77	45	53
totw	8	3	212772	CB	72	67	31	51	51	77	77
totw	8	3	199752	LM	72	93	66	62	73	47	65
totw	8	3	162315	CB	72	70	43	65	63	73	81
totw	8	3	202605	CB	72	57	53	56	51	78	73
totw	8	3	147001	LM	72	82	64	62	78	37	50
totw	9	3	137159	CB	72	60	65	74	63	75	68
totw	8	3	193584	LM	72	78	76	68	75	46	69
totw	8	3	203030	CB	72	68	45	60	50	75	75
totw	8	3	200478	CM	72	68	67	75	70	66	67
totw	8	3	165185	ST	72	69	80	38	64	42	79
totw	8	3	202371	RB	72	71	73	70	71	75	72
totw	8	3	202539	ST	72	78	79	66	70	41	66
totw	8	3	198426	CAM	72	71	70	76	73	62	55
totw	8	3	194091	CAM	72	75	63	69	76	50	46
totw	8	3	164234	LM	72	54	72	79	73	42	70
totw	8	3	203106	LM	72	83	68	72	75	57	55
totw	8	3	208722	LM	72	88	76	61	77	45	50
totw	8	3	192955	CM	72	68	65	80	71	51	56
totw	8	3	53027	CB	72	50	49	57	46	75	80
totw	8	3	145274	RM	72	82	66	64	77	47	54
totw	8	3	183682	CAM	71	79	73	71	75	51	66
totw	8	3	50908	LB	71	65	63	78	70	70	64
totw	8	3	202968	ST	71	74	69	69	72	52	65
totw	8	3	213114	RM	71	80	72	64	75	42	62
totw	8	3	169435	ST	71	74	72	58	67	48	66
totw	8	3	209620	LM	71	80	42	71	71	70	68
totw	8	3	158394	LB	71	73	58	72	67	72	69
totw	8	3	192067	ST	71	80	73	66	71	51	71
totw	8	3	199302	CAM	71	85	72	68	72	51	69
totw	8	3	184895	LM	71	82	75	69	75	42	61
totw	8	3	152883	CB	71	54	50	55	55	78	79
totw	8	3	205065	ST	71	84	68	56	75	42	64
totw	8	3	199121	RM	71	73	56	73	74	43	42
totw	8	3	168379	RM	71	74	63	64	76	55	61
totw	8	3	165169	CB	71	34	37	57	51	75	82
totw	8	3	188975	LM	71	71	75	69	79	52	49
totw	8	3	180440	CB	71	66	42	57	58	73	73
totw	8	3	169348	ST	71	82	77	55	75	42	70
totw	9	3	192678	ST	71	67	72	55	67	41	75
totw	8	3	205753	RW	71	89	69	73	80	37	57
totw	8	3	205670	ST	71	84	75	58	70	37	68
totw	9	3	164464	ST	71	85	74	51	70	44	68
totw	8	3	205559	ST	71	88	71	59	75	44	55
totw	8	3	189278	CM	71	70	65	73	72	58	53
totw	8	3	203574	CB	71	68	39	64	58	73	70
totw	8	3	178177	ST	71	78	74	60	71	44	71
totw	8	3	174859	CM	71	67	54	71	60	71	59
totw	8	3	189300	RB	71	84	48	72	73	69	54
totw	8	3	170353	ST	71	63	77	59	60	49	80
totw	8	3	205876	ST	71	78	75	57	73	44	67
totw	8	3	198904	CB	71	65	35	53	38	74	75
totw	8	3	186395	LM	71	73	63	68	73	58	52
totw	8	3	167653	CB	71	56	42	51	42	76	76
totw	8	3	49026	ST	71	61	70	56	62	48	83
totw	8	3	179633	CAM	71	80	69	70	72	44	58
totw	9	3	205083	CAM	71	69	64	78	74	53	54
totw	8	3	198335	LB	71	77	56	68	73	69	58
totw	8	3	138373	CB	71	53	67	72	63	75	72
totw	8	3	205431	ST	71	70	73	46	69	44	71
totw	8	3	211862	RM	71	74	60	72	70	50	65
totw	8	3	184301	ST	71	78	75	69	72	52	74
totw	8	3	208017	ST	71	66	73	49	65	49	73
totw	8	3	178703	CM	71	56	71	67	64	58	68
totw	8	3	173667	RM	71	78	66	68	72	46	61
totw	8	3	200318	ST	70	73	70	57	68	45	74
totw	8	3	197981	ST	70	64	66	45	64	45	83
totw	8	3	159157	CM	70	76	68	72	74	67	65
totw	8	3	44960	LB	70	43	39	64	59	75	81
totw	8	3	193339	CAM	70	63	66	69	76	60	63
totw	8	3	208379	CB	70	75	48	60	55	73	72
totw	8	3	192328	RM	70	80	66	66	75	46	62
totw	9	3	198599	RB	70	82	52	58	68	73	62
totw	8	3	101490	ST	70	47	72	44	68	48	80
totw	8	3	203362	LM	70	84	68	66	77	46	64
totw	8	3	194083	ST	70	72	68	60	72	48	70
totw	8	3	192663	ST	70	71	72	45	60	43	71
totw	8	3	198782	CAM	70	71	60	75	67	66	68
totw	8	3	162926	LM	70	66	79	66	74	54	55
totw	8	3	158933	CAM	70	78	69	74	69	62	66
totw	8	3	184550	ST	70	71	73	61	72	47	75
totw	8	3	165314	CAM	70	55	68	66	66	52	75
totw	8	3	208675	ST	70	82	67	43	69	41	72
totw	8	3	200446	ST	70	75	79	63	75	44	60
totw	8	3	122040	ST	70	72	74	50	74	42	67
totw	8	3	213133	CAM	70	74	65	79	77	40	50
totw	8	3	178521	RW	69	63	72	43	60	46	75
totw	8	3	152092	CAM	69	75	71	67	77	43	65
totw	8	3	199915	CB	69	55	34	52	55	74	72
totw	8	3	179660	RM	69	93	57	65	69	43	54
totw	8	3	164529	CB	69	68	38	58	57	74	78
totw	8	3	199569	ST	69	72	67	56	66	47	75
totw	8	3	176347	CB	69	72	33	51	55	72	71
totw	8	3	202858	RM	69	89	64	61	79	48	58
totw	8	3	52280	CB	69	61	40	49	43	74	72
totw	8	3	176828	LB	69	79	56	63	69	68	70
totw	8	3	140595	CB	69	52	60	61	59	68	78
totw	8	3	212718	CAM	69	71	69	69	68	59	64
totw	8	3	159582	CAM	69	78	65	60	72	45	56
totw	8	3	177576	RW	69	74	65	70	72	47	58
totw	8	3	104296	CM	69	59	63	72	71	54	61
totw	8	3	192473	LM	69	73	68	53	63	49	72
totw	8	3	142455	RB	69	54	54	67	66	71	69
totw	8	3	201083	RM	69	78	67	62	74	47	68
totw	8	3	159578	RW	69	79	69	58	66	44	62
totw	8	3	201266	RM	69	77	71	65	71	51	58
totw	8	3	198264	RM	68	83	62	66	71	43	65
totw	8	3	152598	RB	68	89	57	61	66	69	69
totw	8	3	195479	RB	68	72	50	67	67	70	64
totw	8	3	202686	ST	68	91	75	49	73	39	55
totw	8	3	177673	CAM	67	73	71	68	70	58	66
totw	8	3	213648	CDM	64	64	61	69	70	57	61
totw	8	3	207562	ST	64	70	66	42	60	43	70
totw	8	3	191657	LM	64	70	53	67	70	52	54
totw	8	3	207491	ST	64	64	60	59	55	53	60
totw	8	3	198279	CB	64	55	40	52	38	71	78
totw	8	3	180357	CB	64	35	43	46	35	67	64
totw	8	3	212933	ST	64	68	64	46	58	43	78
totw	8	3	201038	ST	64	68	70	59	69	41	66
totw	8	3	178284	CM	64	81	69	71	75	55	50
totw	8	3	199283	LB	64	75	55	69	64	59	58
totw	8	3	216172	ST	64	68	60	40	61	40	71
totw	8	3	201285	ST	64	68	70	47	65	41	63
totw	8	3	213355	ST	64	87	58	41	76	38	59
totw	8	3	213000	LM	64	71	60	59	54	46	57
totw	8	3	189295	CB	64	55	30	48	41	72	65
totw	8	3	209453	RM	64	79	56	73	65	62	75
totw	8	3	183994	ST	64	63	67	53	62	45	73
totw	8	3	202337	ST	64	73	70	66	64	50	80
totw	8	3	202518	RM	64	76	73	56	76	50	50
totw	8	3	202225	LM	64	68	61	65	64	56	70
totw	8	3	149654	CB	64	54	50	49	50	70	66
totw	8	3	140456	ST	64	63	69	47	58	43	66
totw	8	3	207858	ST	64	78	69	48	65	41	63
totw	8	3	202175	ST	64	76	66	62	65	41	63
totw	8	3	202989	LM	64	81	66	49	62	42	71
totw	8	3	208771	CB	64	56	49	56	48	62	59
totw	8	3	208448	LM	64	75	72	63	76	37	51
totw	8	3	201484	ST	64	72	62	56	63	41	57
totw	8	3	206635	RM	64	68	69	64	71	54	57
totw	8	3	205214	RM	64	73	65	61	66	41	54
totw	8	3	180894	CM	64	72	57	60	64	45	58
totw	8	3	191111	RB	64	80	40	62	61	63	58
totw	8	3	162391	LM	64	75	56	59	71	46	38
totw	8	3	156704	RM	64	63	57	65	63	56	57
totw	8	3	200826	ST	64	56	60	42	52	45	78
totw	8	3	203976	LM	64	79	43	62	52	63	56
totw	8	3	204612	CDM	64	68	67	66	71	63	60
totw	8	3	179543	RB	64	75	56	60	66	65	56
totw	8	3	145210	RM	64	73	64	62	67	44	52
totw	8	3	205556	CB	64	66	35	48	44	69	69
totw	8	3	186136	ST	64	73	70	49	62	34	62
totw	8	3	186847	ST	64	53	69	50	57	48	79
totw	8	3	200845	ST	64	72	64	61	60	46	61
totw	8	3	154738	LM	64	64	61	67	64	65	59
totw	8	3	180351	RM	64	61	66	63	64	40	60
totw	8	3	212591	CB	64	57	38	52	53	69	73
totw	8	3	189958	CM	64	63	67	75	67	52	62
totw	8	3	209782	LM	64	77	57	62	71	34	38
totw	8	3	19410	ST	64	63	68	50	50	42	76
totw	8	3	190499	CM	64	80	67	64	70	45	55
totw	8	3	198455	RB	64	85	63	63	68	67	55
totw	8	3	139259	LM	64	73	60	67	65	42	58
totw	8	3	209277	CB	64	48	40	60	40	64	55
totw	8	3	175893	LB	64	69	60	70	64	64	67
totw	9	3	152598	LB	64	88	55	58	64	66	65
totw	8	3	201927	LM	64	84	55	49	67	40	53
totw	8	3	122586	ST	64	66	69	69	67	59	69
totw	8	3	214595	RB	64	72	65	40	68	53	70
totw	8	3	206662	CB	64	57	35	50	47	71	71
totw	9	3	178521	RW	64	63	71	46	60	44	73
totw	8	3	170086	CB	64	67	37	37	35	66	72
totw	8	3	149717	ST	64	67	70	55	58	37	58
totw	8	3	204292	ST	64	78	70	34	58	40	56
totw	8	3	175657	CDM	64	62	74	75	65	61	70
totw	8	3	202837	ST	64	62	61	37	52	38	64
totw	8	3	203816	RM	64	79	60	71	67	41	54
totw	8	3	184753	RB	64	64	44	65	51	62	60
totw	9	3	177673	RM	64	72	60	64	66	57	63
totw	8	3	212196	LM	64	70	50	51	53	47	58
totw	8	3	169078	LM	64	79	67	63	70	37	50
totw	8	3	176211	ST	64	67	73	48	63	50	77
totw	8	3	200960	CM	64	77	68	66	62	60	63
totw	8	3	186172	CB	64	78	60	53	57	67	79
totw	8	3	178089	ST	64	87	76	61	69	51	59
totw	8	3	163756	CB	64	57	40	49	36	70	71
totw	8	3	193891	ST	64	63	72	47	65	42	62
totw	8	3	215374	ST	64	85	55	50	66	38	58
totw	9	3	198264	RM	64	82	59	55	69	42	64
totw	8	3	173532	RM	64	91	61	52	76	39	56
totw	8	3	169972	ST	64	67	73	59	73	48	67
totw	8	3	190017	ST	64	43	69	57	59	45	75
totw	8	3	183999	CM	64	57	47	66	62	67	67
totw	9	3	195479	RB	64	72	38	64	65	67	61
totw	8	3	208549	CM	64	71	40	54	43	61	69
totw	8	3	169593	CM	64	71	44	74	63	66	62
totw	8	3	194681	ST	64	65	63	46	62	36	66
totw	8	3	193073	CB	64	52	30	37	31	71	76
totw	8	3	202526	ST	64	63	71	53	61	42	69
totw	8	3	200758	CB	64	66	31	53	56	68	69
totw	8	3	177278	ST	64	55	69	48	53	51	73
totw	8	3	201999	LB	64	76	38	63	64	72	65
totw	8	3	193871	LW	64	79	67	56	68	40	53
totw	8	3	215582	CAM	64	70	64	67	65	44	61
totw	8	3	208065	ST	64	52	63	32	60	39	75
totw	8	3	200574	CB	64	68	40	40	35	74	77
totw	8	3	150729	ST	64	63	69	56	59	49	69
totw	8	3	200210	CAM	64	68	52	51	65	37	47
totw	8	3	208919	CAM	64	87	56	64	73	33	47
totw	8	3	207537	LB	64	77	53	67	71	68	69
totw	8	3	202676	ST	64	79	67	59	69	44	56
totw	8	3	106134	CB	64	46	42	58	50	70	72
totw	8	3	179899	LB	64	69	55	68	66	60	45
totw	8	3	212188	LM	64	74	68	48	64	35	56
totw	8	3	200974	ST	64	72	67	49	65	43	61
totw	8	3	162134	CM	64	62	67	66	63	55	50
totw	8	3	176253	CB	64	45	40	58	35	75	60
totw	8	3	186614	ST	64	72	66	37	58	40	70
totw	8	3	212807	ST	64	92	68	52	67	42	57
totw	8	3	208330	LM	64	68	62	65	72	32	34
totw	8	3	194412	CB	64	60	44	46	43	72	67
totw	8	3	2392	ST	64	54	66	56	57	63	77
totw	8	3	31834	ST	64	62	71	53	57	54	86
totw	8	3	207494	LW	64	72	65	67	68	41	60
totw	8	3	201049	CB	64	55	44	51	47	67	75
